{
  "owo": {
    "title": "OωO",
    "type": "text",
    "content": [
      {"text": "OωO"},
      {"text": "ヾ(≧∇≦*)ゝ"},
      {"text": "|´・ω・)ノ"},
      {"text": "(☆ω☆)"},
      {"text": "（╯‵□′）╯︵┴─┴"},
      {"text": "￣﹃￣"},
      {"text": "∠( ᐛ 」∠)＿"},
      {"text": "(/ω＼)"},
      {"text": "(๑•̀ㅁ•́ฅ)"},
      {"text": "୧(๑•̀⌄•́๑)૭"},
      {"text": "٩(ˊᗜˋ*)و"},
      {"text": "→_→"},
      {"text": "(ノ°ο°)ノ"},
      {"text": "(´இ皿இ｀)"},
      {"text": "⌇●﹏●⌇"},
      {"text": "(ฅ´ω`ฅ)"},
      {"text": "(╯°A°)╯︵○○○"},
      {"text": "φ(￣∇￣o)"},
      {"text": "ヾ(´･ ･｀｡)ノ\\\""},
      {"text": "( ง ᵒ̌皿ᵒ̌)ง⁼³₌₃"},
      {"text": "(ó﹏ò｡)"},
      {"text": "Σ(っ °Д °;)っ"},
      {"text": "( ,,´･ω･)ﾉ\\\"(´っω･｀｡)"},
      {"text": "╮(╯▽╰)╭"},
      {"text": "o(*////▽////*)q"},
      {"text": "( ๑´•ω•) \\\"(ㆆᴗㆆ)"},
      {"text": "(｡•ˇ‸ˇ•｡)"}
    ]
  },

  "Emoji": {
    "title": "Emoji",
    "type": "emoji",
    "content": [
      {"text": "😂"},
      {"text": "😀"},
      {"text": "😅"},
      {"text": "😊"},
      {"text": "🙂"},
      {"text": "🙃"},
      {"text": "😌"},
      {"text": "😍"},
      {"text": "😘"},
      {"text": "😏"},
      {"text": "😒"},
      {"text": "🙄"},
      {"text": "😳"},
      {"text": "😡"},
      {"text": "😔"},
      {"text": "😫"},
      {"text": "😱"},
      {"text": "😕"},
      {"text": "🧐"},
      {"text": "🤭"},
      {"text": "🤐"},
      {"text": "💩"},
      {"text": "👻"},
      {"text": "🙌"},
      {"text": "🖕"},
      {"text": "👍"},
      {"text": "🌝"},
      {"text": "🌚"},
      {"text": "😶"},
      {"text": "🙏"},
      {"text": "😣"},
      {"text": "💊"},
      {"text": "🍉"},
      {"text": "🎈"},
      {"text": "🎁"}
    ]
  },

  "qwq": {
    "title": "✪ω✪",
    "type": "picture",
    "css": "qwq",
    "content": [
      {"file": "qwq1.png", "data": ":qwq1:"},
      {"file": "qwq2.png", "data": ":qwq2:"},
      {"file": "qwq3.png", "data": ":qwq3:"},
      {"file": "qwq4.png", "data": ":qwq4:"},
      {"file": "qwq5.png", "data": ":qwq5:"},
      {"file": "qwq6.png", "data": ":qwq6:"},
      {"file": "qwq7.png", "data": ":qwq7:"},
      {"file": "qwq8.png", "data": ":qwq8:"},
      {"file": "qwq9.png", "data": ":qwq9:"},
      {"file": "qwq10.png", "data": ":qwq10:"},
      {"file": "qwq11.png", "data": ":qwq11:"},
      {"file": "qwq12.png", "data": ":qwq12:"},
      {"file": "qwq13.png", "data": ":qwq13:"},
      {"file": "qwq14.png", "data": ":qwq14:"},
      {"file": "qwq15.png", "data": ":qwq15:"},
      {"file": "qwq16.png", "data": ":qwq16:"},
      {"file": "qwq17.png", "data": ":qwq17:"},
      {"file": "qwq18.png", "data": ":qwq18:"},
      {"file": "qwq19.png", "data": ":qwq19:"},
      {"file": "qwq20.png", "data": ":qwq20:"},
      {"file": "qwq21.png", "data": ":qwq21:"},
      {"file": "qwq22.png", "data": ":qwq22:"},
      {"file": "qwq23.png", "data": ":qwq23:"},
      {"file": "qwq24.png", "data": ":qwq24:"},
      {"file": "qwq25.png", "data": ":qwq25:"},
      {"file": "qwq26.png", "data": ":qwq26:"}
    ]
  },

  "tieba": {
    "title": "贴吧",
    "type": "picture",
    "css": "tieba",
    "content": [
      {"file": "a.png", "data": "::(啊)"},
      {"file": "bishi.png", "data": "::(鄙视)"},
      {"file": "bugaoxing.png", "data": "::(不高兴)"},
      {"file": "guai.png", "data": "::(乖)"},
      {"file": "haha.png", "data": "::(哈哈)"},
      {"file": "han.png", "data": "::(汗)"},
      {"file": "hehe.png", "data": "::(呵呵)"},
      {"file": "heixian.png", "data": "::(黑线)"},
      {"file": "huaji.png", "data": "::(滑稽)"},
      {"file": "huaxin.png", "data": "::(花心)"},
      {"file": "jingku.png", "data": "::(惊哭)"},
      {"file": "jingya.png", "data": "::(惊讶)"},
      {"file": "landeli.png", "data": "::(懒得理)"},
      {"file": "lei.png", "data": "::(泪)"},
      {"file": "mianqiang.png", "data": "::(勉强)"},
      {"file": "nidongde.png", "data": "::(你懂的)"},
      {"file": "pen.png", "data": "::(喷)"},
      {"file": "shuijiao.png", "data": "::(睡觉)"},
      {"file": "suanshuang.png", "data": "::(酸爽)"},
      {"file": "taikaixin.png", "data": "::(太开心)"},
      {"file": "tushe.png", "data": "::(吐舌)"},
      {"file": "wabi.png", "data": "::(挖鼻)"},
      {"file": "weiqu.png", "data": "::(委屈)"},
      {"file": "what.png", "data": "::(what)"},
      {"file": "wuzuixiao.png", "data": "::(捂嘴笑)"},
      {"file": "xiaoguai.png", "data": "::(小乖)"},
      {"file": "xiaohonglian.png", "data": "::(小红脸)"},
      {"file": "xiaoyan.png", "data": "::(笑眼)"},
      {"file": "xili.png", "data": "::(犀利)"},
      {"file": "yamaidei.png", "data": "::(不要啊)"},
      {"file": "yinxian.png", "data": "::(阴险)"},
      {"file": "yiwen.png", "data": "::(疑问)"},
      {"file": "zhenbang.png", "data": "::(真棒)"},
      {"file": "aixin.png", "data": "::(爱心)"},
      {"file": "xinsui.png", "data": "::(心碎)"},
      {"file": "bianbian.png", "data": "::(💩)"},
      {"file": "caihong.png", "data": "::(彩虹)"},
      {"file": "damuzhi.png", "data": "::(大拇指)"},
      {"file": "dangao.png", "data": "::(蛋糕)"},
      {"file": "dengpao.png", "data": "::(灯泡)"},
      {"file": "honglingjin.png", "data": "::(红领巾)"},
      {"file": "lazhu.png", "data": "::(蜡烛)"},
      {"file": "liwu.png", "data": "::(礼物)"},
      {"file": "meigui.png", "data": "::(玫瑰)"},
      {"file": "OK.png", "data": "::(OK)"},
      {"file": "shafa.png", "data": "::(沙发)"},
      {"file": "shouzhi.png", "data": "::(手指)"},
      {"file": "taiyang.png", "data": "::(太阳)"},
      {"file": "xingxingyueliang.png", "data": "::(星星月亮)"},
      {"file": "yaowan.png", "data": "::(药丸)"},
      {"file": "yinyue.png", "data": "::(音乐)"}
    ]
  },

  "huaji": {
    "title": "滑稽",
    "type": "picture",
    "css": "hj",
    "content": [
      {"file": "huaji1.gif", "data": ":huaji1:"},
      {"file": "huaji2.jpg", "data": ":huaji2:"},
      {"file": "huaji3.jpg", "data": ":huaji3:"},
      {"file": "huaji4.jpg", "data": ":huaji4:"},
      {"file": "huaji5.jpg", "data": ":huaji5:"},
      {"file": "huaji6.jpg", "data": ":huaji6:"},
      {"file": "huaji7.jpg", "data": ":huaji7:"},
      {"file": "huaji8.jpg", "data": ":huaji8:"},
      {"file": "huaji9.jpg", "data": ":huaji9:"},
      {"file": "huaji10.gif", "data": ":huaji10:"},
      {"file": "huaji11.jpg", "data": ":huaji1:"},
      {"file": "huaji12.gif", "data": ":huaji12:"},
      {"file": "huaji13.jpg", "data": ":huaji13:"},
      {"file": "huaji14.jpg", "data": ":huaji14:"},
      {"file": "huaji15.png", "data": ":huaji15:"},
      {"file": "huaji16.gif", "data": ":huaji16:"},
      {"file": "huaji17.gif", "data": ":huaji17:"},
      {"file": "huaji18.png", "data": ":huaji18:"},
      {"file": "huaji19.gif", "data": ":huaji19:"},
      {"file": "huaji20.jpg", "data": ":huaji20:"},
      {"file": "huaji21.jpg", "data": ":huaji21:"},
      {"file": "huaji22.jpg", "data": ":huaji22:"},
      {"file": "huaji23.jpg", "data": ":huaji23:"},
      {"file": "huaji24.jpg", "data": ":huaji24:"},
      {"file": "huaji25.jpg", "data": ":huaji25:"},
      {"file": "huaji26.jpg", "data": ":huaji26:"},
      {"file": "huaji27.jpg", "data": ":huaji27:"}
    ]
  },

  "meow": {
    "title": "猫猫",
    "type": "picture",
    "css": "hj",
    "content": [
      {"file": "DuskPiperMeow1.jpeg", "data": ":&(无语)"},
      {"file": "DuskPiperMeow2.jpeg", "data": ":&(233)"},
      {"file": "DuskPiperMeow3.jpeg", "data": ":&(Hi)"},
      {"file": "DuskPiperMeow4.jpeg", "data": ":&(给个眼神自己体会)"},
      {"file": "DuskPiperMeow5.jpeg", "data": ":&(你这个逼装的太好了)"},
      {"file": "DuskPiperMeow6.jpeg", "data": ":&(假装没看见)"},
      {"file": "DuskPiperMeow7.jpeg", "data": ":&(流口水)"},
      {"file": "DuskPiperMeow8.jpeg", "data": ":&(盯)"},
      {"file": "DuskPiperMeow9.jpeg", "data": ":&(逗比看剑)"},
      {"file": "DuskPiperMeow10.jpeg", "data": ":&(BOOM)"},
      {"file": "DuskPiperMeow11.jpeg", "data": ":&(猫猫落泪)"},
      {"file": "DuskPiperMeow12.jpeg", "data": ":&(躲墙角)"},
      {"file": "DuskPiperMeow13.jpeg", "data": ":&(嗯？)"},
      {"file": "DuskPiperMeow14.jpeg", "data": ":&(你知道的太多了)"},
      {"file": "DuskPiperMeow15.jpeg", "data": ":&(问号)"},
      {"file": "DuskPiperMeow16.jpeg", "data": ":&(热的脸红)"},
      {"file": "DuskPiperMeow17.jpeg", "data": ":&(在下输了)"},
      {"file": "DuskPiperMeow18.jpeg", "data": ":&(舔猫猫)"},
      {"file": "DuskPiperMeow19.jpeg", "data": ":&(猫猫の凝视)"},
      {"file": "DuskPiperMeow20.jpeg", "data": ":&(报警)"},
      {"file": "DuskPiperMeow21.jpeg", "data": ":&(发抖)"},
      {"file": "DuskPiperMeow22.jpeg", "data": ":&(吓黑了)"},
      {"file": "DuskPiperMeow23.jpeg", "data": ":&(该学习了)"},
      {"file": "DuskPiperMeow24.jpeg", "data": ":&(药不能停)"},
      {"file": "DuskPiperMeow25.jpeg", "data": ":&(丢炸弹)"},
      {"file": "DuskPiperMeow26.jpeg", "data": ":&(太可怕了)"},
      {"file": "DuskPiperMeow27.jpeg", "data": ":&(惊了)"}
    ]
  }
}